Date_,Close_005930.KS,Close_AAPL,Close_GOOGL,High_005930.KS,High_AAPL,High_GOOGL,Low_005930.KS,Low_AAPL,Low_GOOGL,Open_005930.KS,Open_AAPL,Open_GOOGL,Volume_005930.KS,Volume_AAPL,Volume_GOOGL
2024-11-25,56293.67578125,231.6048126220703,166.68743896484375,56293.67578125,231.98275293866183,167.6618232619843,55126.96747490285,228.49182822914253,164.65915820880082,55807.547320272024,230.20248468460477,165.13639806236714,36237325.0,90152800.0,33135300.0
2024-11-26,56682.57421875,233.78292846679688,168.14901733398438,57265.92832734777,234.2901673751303,168.84501052303654,55904.76874061964,232.0623317186483,166.61786569467208,56293.671479684825,232.0623317186483,166.66758166120195,23209405.0,45986200.0,20486700.0
2024-11-27,54738.0625,233.6536102294922,168.2583770751953,56196.447824156305,234.40949083683986,168.50694172289835,54446.38543516873,232.53970008294309,167.0553326761747,56099.222135879216,233.19611792325418,168.02970184723952,21808387.0,33498400.0,19266500.0
2024-11-28,53960.2578125,,,54835.28902027027,,,53668.58074324324,,,54446.386261261265,,,20001134.0,,
2024-11-29,52696.32421875,236.04058837890625,167.97998046875,53765.80681359548,236.51797629056327,168.45722032902532,52307.421456988006,232.698842645531,166.20026432388437,53571.35543271449,233.5342752849028,167.53256715154302,24513531.0,28481400.0,14257200.0
2024-12-02,52112.97265625,238.28829956054688,170.50540161132812,52890.77821828358,239.4817769036961,171.0920105058346,51626.84417997901,235.8715090788613,167.60216850996696,52793.552523029386,235.9809120539101,167.80101718271035,22044867.0,48137100.0,23789100.0
2024-12-03,52112.97265625,241.33168029785156,170.35626220703125,52890.77821828358,241.441083276618,171.68856506902026,51626.84417997901,237.60205398884364,169.86908521024029,51626.84417997901,238.50711361537608,170.50541009739786,23374603.0,38861000.0,22248700.0
2024-12-04,51626.83984375,241.68971252441406,173.3688507080078,51918.51690501413,242.78374225546824,173.90575879671132,50557.357285781545,239.9392801306149,170.07785748297476,50557.357285781545,241.55047375645148,170.16733710736509,29004766.0,44383900.0,31615100.0
2024-12-05,52210.19921875,241.7195587158203,171.64881896972656,52890.77909683427,243.21140922639395,175.04918185581036,51724.0707344041,240.81451427308068,171.3406012044101,51724.0707344041,242.6644095132275,174.35320380974355,23588277.0,40033900.0,21356200.0
2024-12-06,52599.1015625,241.52064514160156,173.7069549560547,52890.77865064695,243.3009285590703,174.07482584315568,51237.94181781424,240.76477968960373,170.87331141634223,52404.650170402034,241.5902721155965,171.04233358531255,22861874.0,36870600.0,21462400.0
2024-12-09,51918.51953125,245.40940856933594,174.56295776367188,53085.227835323036,245.89675186527563,175.44886145410123,51724.06814723783,240.43657354260168,172.8508718378986,52015.74522325608,240.516140724136,173.15945800345577,26227680.0,44649200.0,25389600.0
2024-12-10,52501.875,246.4238739013672,184.31787109375,52988.00347222222,246.861485816723,185.502397306232,52210.197916666664,244.0070681600661,180.21683563214248,52988.00347222222,245.54865007065558,182.00855531536865,20783970.0,36914800.0,54813000.0
2024-12-11,52501.875,245.1508026123047,194.50079345703125,52696.32638888889,249.43738355757404,194.7098337526011,51918.520833333336,244.92204129682997,183.99935507018319,52112.97222222222,246.61281718111218,184.45722971599074,14565947.0,45205800.0,67894100.0
2024-12-12,54349.1640625,246.61282348632812,191.07662963867188,54932.5182384839,247.38858448031883,194.28179760891206,52404.65014255367,244.3451969163318,190.8277801088796,52501.87583855099,245.54862958315107,194.10263323797517,33476698.0,32777500.0,34817500.0
2024-12-13,54543.61328125,246.7819061279297,188.94647216796875,54738.06466549688,247.9355922748061,191.84306905787375,53960.25912850936,244.90217516923994,188.7672926142497,54251.93620487968,246.47359279661413,190.13098313311997,15908823.0,33155300.0,25143500.0
2024-12-16,54057.48828125,249.67608642578125,195.75498962402344,55029.745264725716,250.01425073054844,198.08421748080238,53668.58548785971,246.3045049916291,191.733572884141,54738.06816968301,246.6426692963963,191.98242240358925,15277277.0,51694800.0,44934900.0
2024-12-17,52696.32421875,252.10284423828125,194.5207061767578,53668.58112315498,252.45094876599273,200.4930951236226,52501.87283786901,248.42294929569397,194.08272855714978,53182.452670952494,248.7213224371769,196.34228662818003,20215230.0,51356400.0,43504000.0
2024-12-18,53376.90625,246.7023468017578,187.53298950195312,53863.03472222222,252.89849494785605,196.09341894237798,52501.875,246.39403346062903,186.87603832190538,52599.100694444445,250.7900177691265,194.32161160052223,13698937.0,56774100.0,34166100.0
2024-12-19,51626.83984375,248.43289184570312,187.64248657226562,52307.41965336629,250.63089166027345,192.1416901461699,51626.83984375,245.74756389880645,187.513095150107,52015.742592102164,246.15534002348284,190.748138909751,22481925.0,60882300.0,32265200.0
2024-12-20,51529.6171875,253.10736083984375,190.52915954589844,51626.8428803066,253.6145845456153,192.00234452424112,50460.134566627356,244.35516822034685,184.36764269628742,51237.940109080184,246.69239156062656,184.92506321844033,24674774.0,147495300.0,63462900.0
2024-12-23,52015.74609375,253.88311767578125,193.73434448242188,52501.87456191589,254.26104280923545,194.20218282242337,51821.29470648364,252.07299848460428,189.2749498878787,51918.520400116824,253.38583418491564,191.73358450411797,13672650.0,40858800.0,25675000.0
2024-12-24,52890.7734375,256.7972412109375,195.20753479003906,52987.999123965994,256.80716624287646,195.20753479003906,52112.967945772056,253.90303208844082,192.8882552424337,52210.19363223805,254.101957652135,193.9433748674021,11634677.0,23234700.0,10403300.0
2024-12-26,52112.97265625,257.61273193359375,194.69989013671875,53085.22960879198,258.6868812844183,195.84459196860374,52015.746960995806,256.23029959445824,193.48550314170072,52988.00391353778,256.78725468311694,194.25194880473947,10517075.0,27237100.0,12046600.0
2024-12-27,52566.1953125,254.20135498046875,191.87294006347656,52957.74983996741,257.29447387899233,194.42117206113832,52076.75215316573,251.68510189149424,189.77264937982267,52370.41804876629,256.4291751646687,194.05286442098586,10747196.0,42355300.0,18891400.0
2024-12-30,52076.75,250.82977294921875,190.35995483398438,52859.85902255639,252.1227129740064,191.66392402935992,51978.86137218045,249.3876539575231,188.2497003483825,52174.63862781955,250.85960874260036,188.92657901389887,12624702.0,35557500.0,14264700.0
2024-12-31,,249.05946350097656,188.42886352539062,,251.90392569582917,191.07662611886298,,248.07483671879714,187.6424905201336,,251.0684930674946,190.2006709297877,,39480700.0,17466900.0
2025-01-02,52272.53125,242.52517700195312,188.55825805664062,52468.308520599254,247.74665392379396,191.11643850843902,51195.75626170412,240.5062071395791,186.63714698089748,51587.310802902626,247.57756417344766,189.7726449747486,16630538.0,55740700.0,20370800.0
2025-01-03,53251.4140625,242.03782653808594,190.9073944091797,53936.634464039525,242.85336358935695,192.32087307336826,51685.19600183824,240.5758118291158,189.10572628313417,51685.19600183824,242.03782653808594,190.489329030918,19318046.0,40244100.0,18596200.0
2025-01-06,54719.75,243.66891479492188,195.96400451660156,55013.41592128801,245.98625772407811,197.3077979271175,53153.53175313059,241.87869116125097,192.9579134138766,53251.42039355993,242.98266113735735,193.0873048290289,19034284.0,45045600.0,29563600.0
2025-01-07,54230.3046875,240.89407348632812,194.59039306640625,56090.18878328068,244.215923537777,200.0750314967655,54230.3046875,240.0387452815234,193.70448930563006,55600.745600180504,241.6598791297847,196.20293323603758,17030235.0,40856000.0,26487200.0
2025-01-08,56090.18359375,241.38140869140625,193.05746459960938,56285.96084887653,242.38593107741448,195.38669258245946,53545.07927710515,238.74581220273618,191.49469743094454,53642.96790466842,240.6056476428208,191.683825506133,26593553.0,37628900.0,24864800.0
2025-01-09,54915.5234375,,,56481.7415747549,,,54915.5234375,,,56383.85294117647,,,24490592.0,,
2025-01-10,54132.4140625,235.5631866455078,191.15626525878906,55307.07765879295,238.85520080045117,195.61566016820694,54034.52542947559,231.73409784256125,189.4342306110514,54915.5231266953,238.70600665338932,193.40587493046604,16059223.0,61710900.0,26665200.0
2025-01-13,52957.75,233.12649536132812,190.1309814453125,53838.747689463955,233.39503269669683,190.3001972959748,52957.75,228.47192915300568,186.49778453538255,53447.19316081331,232.2612269401141,189.19532001022134,16868600.0,49630700.0,21823700.0
2025-01-14,52761.97265625,232.01258850097656,188.78720092773438,53447.193080357145,234.8371551382162,191.09651654383717,52566.195392219386,231.20699165927476,187.44340746260227,53055.63855229592,233.47460320476435,190.3599316953501,17465926.0,39435300.0,17174900.0
2025-01-15,52566.1953125,236.57765197753906,194.65011596679688,53545.08163116853,237.66174156203553,195.45638605757955,52370.41804876629,233.15633900368562,190.97709427450172,52957.74983996741,233.36520475508792,192.20142977574318,18625025.0,39832000.0,21776000.0
2025-01-16,53153.52734375,227.0198516845703,192.0222625732422,53838.74776991252,236.7168796666606,194.5804279448186,52957.750079132136,226.79110553013876,191.92271668187493,53055.63871144107,236.06047699847062,193.2465980564925,18627298.0,71759100.0,17815400.0
2025-01-17,52566.1953125,228.7305145263672,195.09803771972656,52957.74983996741,231.0279618693864,196.3223731934333,52076.75215316573,227.2386640256131,192.85839187855623,52664.08394436685,230.85888730040747,195.6255975250055,18805344.0,68488300.0,27735100.0
2025-01-20,52272.53125,,,52761.97442649813,,,52174.64261470037,,,52468.308520599254,,,11822531.0,,
2025-01-21,52370.41796875,221.43040466308594,197.1385955810547,53153.52702248832,223.20073277609362,201.3590737795005,52174.64070531542,218.18812158355374,196.9594160260543,52566.19523218458,222.78301644137267,198.15390588987137,13535702.0,98070400.0,29971300.0
2025-01-22,53153.52734375,222.61392211914062,197.45712280273438,53251.41597605893,222.90233985709415,199.5574134711185,51978.86375604282,218.59586314481808,196.62099201618707,52272.52965296961,218.59586314481808,198.14394994474472,18341991.0,64126500.0,26200600.0
2025-01-23,52566.1953125,222.44485473632812,197.0689239501953,52957.74983996741,225.7965406078772,199.3782549776066,52370.41804876629,221.09224303438072,194.30171827365388,52566.1953125,223.51898889751178,197.22819130144518,15588067.0,60234800.0,26951400.0
2025-01-24,52566.1953125,221.5696258544922,199.28866577148438,52664.08394436685,224.4041477572621,199.9754777209976,52076.75215316573,220.2070739772995,197.08882922694013,52468.30668063315,223.55875977197638,197.18837511510904,11867631.0,54697900.0,23877500.0
2025-01-27,,228.61117553710938,190.9272918701172,,230.888727332658,195.97396712425268,,222.76311661057002,189.8522601854155,,222.80290778981754,191.5245367578076,,94863400.0,41728900.0
2025-01-28,,236.9655303955078,194.40126037597656,,238.88505261672515,194.58042475121238,,229.5560092044273,189.80251062684363,,229.59580038333414,191.8629920734772,,75707600.0,24157900.0
2025-01-29,,238.05953979492188,194.5107421875,,238.5568232574634,195.88438120776217,,232.73860067537262,192.5398430560715,,232.84800364416722,194.66004582386458,,45486100.0,18218300.0
2025-01-30,,236.2991485595703,199.9456329345703,,239.48175963713217,200.4731927690754,,235.92122345328548,196.76036171060426,,237.3732826437262,197.0888449414686,,55658300.0,24354700.0
2025-01-31,51293.64453125,234.71780395507812,203.0811309814453,51880.976338859735,245.8470107317681,204.5344037474068,50608.42408903864,232.1717149504871,200.87134591508243,51097.867262046755,245.8470107317681,201.0704225036096,42186279.0,100959800.0,32001100.0
2025-02-03,49923.203125,226.77120971679688,200.30397033691406,50314.75765931373,230.5704628324937,202.81237798864086,49727.42585784314,224.47376244068877,199.17918072832174,50021.091758578434,228.7404632470789,199.76646200582942,32344897.0,73063300.0,27838300.0
2025-02-04,51587.3125,231.5352020263672,205.43028259277344,52468.31024667931,231.86341095944582,206.09719755510824,50412.64883776091,225.4186058340825,201.8767037764101,50510.537476280835,226.0153521080233,202.4540365472158,27214851.0,45067300.0,43856400.0
2025-02-05,51783.08984375,231.20700073242188,190.4495391845703,52664.087591564275,231.40591110501148,191.86300280413045,51685.20120510397,227.02982220448578,187.16472209106553,52468.31031427221,227.28840417126338,190.19074112078758,15974885.0,39620300.0,70373900.0
2025-02-06,52859.86328125,231.95289611816406,190.71827697753906,52859.86328125,232.52974674745317,191.21597601434,52076.754195601854,229.1780459389265,187.85152566522362,52272.53146701389,230.03337408912944,188.62793494754752,16466025.0,29925300.0,29297400.0
2025-02-07,52566.1953125,226.39328002929688,184.48707580566406,53055.63847183426,232.72866665415378,190.3001969256679,52468.30668063315,226.0252799376335,182.39674895869484,52761.972576233704,231.33627899238985,190.17080550398342,14476866.0,39707200.0,49315000.0
2025-02-10,54426.08203125,226.66209411621094,185.61187744140625,54719.74794149056,229.58933825388894,187.33391183220394,51783.08883908498,226.21404995469493,185.00468401733505,51880.97747583184,228.57377553913867,186.48783259444508,27577591.0,33115600.0,23105600.0
2025-02-11,54523.96484375,231.61053466796875,184.4671630859375,55111.29660149237,234.2092091135714,186.0797029719188,53838.744459717236,227.1400288616486,183.43194066911968,54328.18759116921,227.20971719471092,184.17848916278777,24596196.0,53718400.0,21239500.0
2025-02-12,54621.85546875,235.84210205078125,182.76502990722656,54719.74409862231,235.93172304376256,184.2581269278111,53349.30328040995,229.67896101319025,180.99322265788507,53936.63505964382,230.19670873650108,182.37682528941733,26428596.0,45243300.0,22072600.0
2025-02-13,54621.85546875,240.4818878173828,185.28341674804688,55209.18724798387,241.28837041996871,185.42277188580212,54426.078209005376,234.54775953627293,182.2972222059454,54915.52135836693,235.88194100703416,183.47179995722882,22448377.0,53614100.0,21402500.0
2025-02-14,54817.63671875,243.53854370117188,184.37759399414062,56090.18899972098,244.48441805735465,185.54220800020582,54817.63671875,239.9442089936196,183.4717932262479,54817.63671875,240.203075232316,184.20837813225802,23979779.0,40896200.0,20448400.0
2025-02-17,54817.63671875,,,55307.079903738835,,,54523.9708077567,,,54915.52535574776,,,11916027.0,,
2025-02-18,55698.6328125,243.4091339111328,182.92431640625,55992.298714850614,244.1160443880909,185.10424071494356,54719.74647133129,240.79054182412452,180.90365944170068,55013.4123736819,243.09051524526637,184.74589678490392,22131007.0,48822500.0,29916700.0
2025-02-19,57460.62890625,243.807373046875,184.4174041748047,57656.406176799406,244.94242536854557,184.6065322377559,56090.18801240417,242.10480216065562,182.74512752374517,56188.07664767888,243.5982928571997,183.22292953180167,25395151.0,32204200.0,19549400.0
2025-02-20,57166.95703125,244.76321411132812,183.71067810058594,57852.17740662457,245.70908851524857,184.4572267048234,56873.291156089464,243.2298884862767,181.87914917011352,57852.17740662457,243.87707690453925,183.9495791218272,21589059.0,32316900.0,20441500.0
2025-02-21,56971.1796875,244.48443603515625,178.83323669433594,57264.845562177834,247.61080936192474,184.48709094071828,55894.40481368127,244.15586625078134,178.255903940123,57166.95693728523,244.88269415360097,184.29796286054517,22198428.0,53197400.0,35199200.0
2025-02-24,56090.18359375,246.0277099609375,178.42510986328125,56481.73810400306,247.7800669312537,182.27729565940143,55992.29496618674,243.3593319822528,178.06676593885823,56090.18359375,243.86711335623195,181.15250613186586,14138471.0,51326400.0,29854200.0
2025-02-25,55992.30078125,245.9679718017578,174.61273193359375,56579.63260762674,248.91513366913293,177.91746089820734,55307.080317143795,243.84722519384715,173.88609557732903,55404.96895487325,246.92381259977986,177.22067008112575,14625181.0,48013300.0,41913400.0
2025-02-26,55404.96484375,239.3169403076172,171.93511962890625,55894.40799607995,243.91688660847365,175.26970953461128,54915.52169142006,238.09228223905913,170.79041782229913,55796.51936561396,243.26971340939616,174.26436286262216,18117091.0,44433600.0,35431300.0
2025-02-27,55111.296875,236.27024841308594,167.72457885742188,55894.40588920959,241.40786042901627,173.75668887755327,55013.4082482238,236.0312844149354,167.1671583548918,55307.0741285524,238.37109275336516,173.18931986196714,14975356.0,41153600.0,39991000.0
2025-02-28,53349.3046875,240.79052734375,169.49639892578125,54523.96827694954,241.03944246427386,169.82488214403156,53349.3046875,229.2010399398617,166.00255682205264,54230.302379587156,235.92174819400608,167.90375578067133,28036698.0,56833400.0,48130600.0
2025-03-03,,236.99705505371094,166.24143981933594,,242.97101773746803,172.57217267061702,,235.0853888180174,165.1664079930538,,240.74073286620586,171.13879690224084,,47184000.0,40770500.0
2025-03-04,53349.3046875,234.9061737060547,170.13343811035156,53838.74784977065,239.02822274747484,172.49252670098738,52664.084260321106,233.6615980851158,165.03700479811678,52761.97289277523,236.6784633674393,165.4749823837437,18553933.0,53798100.0,45388000.0
2025-03-05,52859.86328125,234.7169952392578,172.2238006591797,54230.30418113426,235.5234777567522,172.98029782260173,52859.86328125,228.23523611666363,168.28201710781593,53936.63827401621,234.3983766092207,169.73530516145718,16578817.0,47227600.0,30954900.0
2025-03-06,53153.52734375,234.30877685546875,171.556884765625,53349.304608367864,236.82779659290307,174.00555581661285,52859.861446823204,232.14819548977783,169.71539203178713,52957.750079132136,233.42263965762712,169.7452527625135,12258101.0,45170400.0,28302000.0
2025-03-07,52566.1953125,238.03256225585938,173.05990600585938,53055.63847183426,240.32256924437755,174.16479845161754,52272.52941689944,233.74125275300776,169.48643064283362,52370.41804876629,234.08974000390756,170.47186499407138,14274992.0,46273600.0,27385800.0
2025-03-10,52566.1953125,226.49285888671875,165.2968292236328,53642.97026303538,235.13520040766255,167.87789100205225,52370.41804876629,223.24701094546666,163.12436954047675,52370.41804876629,234.51788053236876,167.6785699397653,12921670.0,72071200.0,43604000.0
2025-03-11,52468.30859375,219.8816680908203,163.47314453125,52957.7517709305,224.85997074742775,166.17378667553444,51391.53360395289,216.5063794973434,160.81237268027317,51391.53360395289,222.83878108425105,164.34014854098334,17740891.0,76137400.0,39587400.0
2025-03-12,53740.86328125,216.0384063720703,166.5325469970703,54132.41784067623,220.78771110845915,167.06071434970798,52468.31096311475,213.9773970817033,162.96491596959018,52664.08824282787,219.18469713036333,166.00437964443265,17973221.0,62547500.0,28372400.0
2025-03-13,53545.08203125,208.7700958251953,162.19760131835938,54719.74562242916,215.89902897504837,165.55596711984276,53055.638868258684,207.51556900756947,161.5498533800482,54621.8569898309,215.01289169752292,165.4662665449778,24132151.0,61368300.0,31756200.0
2025-03-14,53545.08203125,212.56356811523438,164.91815185546875,53936.636561643056,213.0215634427817,165.91469633780176,53251.41613345521,208.67053186821337,161.88864811378173,53349.30476605348,210.33328309966757,162.70582188820455,10845154.0,60107600.0,31995900.0
2025-03-17,56383.8515625,213.0713348388672,163.7222900390625,56579.6288248698,214.28604179494317,165.72535422603255,54230.3016764323,209.05882446828872,163.10443731189008,54328.19030761719,212.3843267022667,164.45973844695973,35559021.0,48073400.0,31184300.0
2025-03-18,56383.8515625,211.7670135498047,160.11480712890625,57754.29239908855,214.21632963340127,163.68243835584954,56090.18566894531,210.57222410469132,156.17845929337233,57558.51513671875,213.23063555765447,163.11440067725707,28138594.0,42432400.0,42074800.0
2025-03-19,57264.85546875,214.30596923828125,163.3236846923828,57950.07596153846,217.8106832228152,165.2968386316175,56188.08040865384,212.8224296395377,160.44367156873926,56188.08040865384,213.29039128502816,161.20103994792456,29421759.0,54385400.0,34275600.0
2025-03-20,58928.953125,213.17091369628906,162.23744201660156,59026.84175145349,216.5462020975973,164.3202162999389,57264.846475290695,211.29906714235267,160.40380384962694,57950.066860465115,213.0613904363763,161.01169658179438,34989004.0,48862900.0,28138500.0
2025-03-21,60397.2890625,217.32281494140625,163.42333984375,60397.2890625,217.89033350890864,163.67247597151626,59124.73678079417,210.36314278996363,160.33404577702316,59614.17996606564,210.64192650603025,160.65294731947398,40155612.0,94127800.0,36625800.0
2025-03-24,59222.62109375,219.7721405029297,167.1005859375,60299.39602272727,220.5188858867363,167.7383890591239,59222.62109375,217.63147647971348,164.56936942432435,59907.841503099175,220.04097309502072,166.492708348571,14088094.0,44299500.0,30879100.0
2025-03-25,58537.40234375,222.77903747558594,169.97064208984375,59809.954568614135,223.12752472855482,170.04040750974747,58243.73644570443,219.1249652538438,167.73839194994267,59614.17730325042,219.81197343150768,168.39609981984145,17259455.0,34493600.0,24174400.0
2025-03-26,60103.6171875,220.56866455078125,164.4896240234375,60103.6171875,224.04352508950674,169.02390429945322,58439.510522699515,219.51326687455483,164.27038302856647,58537.39915004072,222.5400680439697,168.41601157841293,16431645.0,34466100.0,28901600.0
2025-03-27,60495.17578125,222.87860107421875,161.67938232421875,60690.953049150485,224.0136533961419,164.84838647984,59516.289441747576,219.6028696378956,161.44020617422274,59614.17807569782,220.4292696466093,164.06112302928733,20389790.0,37094800.0,24508300.0
2025-03-28,59279.06640625,216.9544219970703,153.7967071533203,60165.298296044435,222.8387793372666,161.26083057547865,59082.12598629569,216.73537546649092,153.09912907789933,59771.4174561358,220.7080664246457,159.935424629148,16282514.0,39818600.0,48669300.0
2025-03-31,56915.78515625,221.1660614013672,154.10565185546875,58786.71927038279,224.6409066608951,155.00253588696825,56915.78515625,215.29165561007284,150.13940872047658,58589.778837316175,216.0682695484103,152.58093987828155,17633494.0,65299300.0,54603500.0
2025-04-01,57900.48828125,222.22146606445312,156.52725219726562,58688.25002657313,222.70932997882656,157.55369181763876,57014.25631776148,217.95007407622174,153.0891615011919,57802.01806308461,218.85612876373423,153.0891615011919,13841706.0,36412700.0,30672900.0
2025-04-02,57900.48828125,222.91842651367188,156.49734497070312,58491.309590242345,224.21278818927524,157.86262130532444,57408.13719042304,220.06088576879955,154.1654344397735,57900.48828125,220.3595869543347,154.61387643325034,14402297.0,35905900.0,25041700.0
2025-04-03,56718.83984375,202.3082733154297,150.19918823242188,56915.780259874125,206.58961679788308,152.25206746912303,56029.54838731553,200.37668938200366,149.87032672274708,56029.54838731553,204.64806653552571,150.58783997911712,19508076.0,103419000.0,46883400.0
2025-04-04,55241.7890625,187.5625457763672,145.09689331054688,57309.66351938503,199.01264249852213,150.54799324363788,54847.90821356952,186.52705026060866,144.8776522919314,55340.25927473262,193.04863012782926,147.49855413182192,23527139.0,125910900.0,62259500.0
2025-04-07,52386.15234375,180.6725616455078,146.24290466308594,53272.384244302164,193.30748067285785,152.3218321659185,52287.68213257754,173.86223225537526,140.04439668677543,52484.62255492246,176.43103817745248,141.06087632952463,31998883.0,160466300.0,76794100.0
2025-04-08,52681.56640625,171.67178344726562,144.19998168945312,54454.03032272196,189.5140179775097,151.7139355045659,52484.62597108645,168.47572171547168,142.5357542501846,54158.61966997664,185.88981432593783,150.69745588802078,25532845.0,120859500.0,52200200.0
2025-04-09,52189.21484375,197.98709106445312,158.1615753173828,53469.32766067217,199.7394480269994,158.9986690004619,52090.74462706368,171.14407803694525,143.41271451247957,52484.62549380896,171.20381523449285,143.92094670447867,20576960.0,184395900.0,70406200.0
2025-04-10,55537.19921875,189.5936737060547,152.29196166992188,55832.60985289228,193.93475416517637,157.1750244032135,54158.61625941932,182.20587449762067,149.41193301548267,55734.13964151152,188.24954112448538,155.9990938016626,22948172.0,121880000.0,48022000.0
2025-04-11,54355.55859375,197.2901153564453,156.59701538085938,54847.90966796875,198.67408279715283,157.12518279409443,53961.677734375,185.2525839628914,152.29195068350106,54749.439453125,185.2924188893916,152.37166086891528,13930480.0,87435900.0,33636200.0
2025-04-14,55340.26171875,201.6411590576172,158.52035522460938,55832.61280165703,212.01593914767514,161.1611923055906,54946.38085242437,200.28706023476008,157.0155631618818,55438.7319353314,210.52244846919626,159.44713439436606,12852613.0,101352900.0,30333000.0
2025-04-15,55734.140625,201.2628173828125,155.76986694335938,56226.49169059187,202.62686743682656,159.0983218935906,55340.2597725265,198.93297540670014,154.6736771269803,55438.72998564488,200.98403365195668,158.58012970667488,8998640.0,51343900.0,27551500.0
2025-04-16,53863.20703125,193.42697143554688,152.8001708984375,55340.26024051646,199.82906121923162,155.35132240030543,53666.26660334781,191.5352073519423,150.98645259897873,55143.31981261426,197.49921927320653,152.57096991980188,14437025.0,59732400.0,28187400.0
2025-04-17,54257.0859375,196.12521362304688,150.63766479492188,54454.02635832577,197.96719174329118,154.14549035907424,53666.264675022685,193.5763250102755,147.98685287180376,53863.205095848454,196.34426016251078,153.75683862644127,10867069.0,52164700.0,33046600.0
2025-04-18,54454.03125,,,54749.44190777577,,,54060.15037296564,,,54454.03125,,,5848342.0,,
2025-04-21,54552.5,192.32177734375,147.1597442626953,55143.32129963899,192.958999427942,148.43532017759705,54257.089350180504,188.98630873883343,145.59517709463205,54355.55956678701,192.43130060162235,148.3655699603778,5941847.0,46742500.0,26049100.0
2025-04-22,54158.61328125,198.87322998046875,150.94659423828125,54650.964311079544,200.7151927551101,151.66410748339032,53863.20266335227,195.11958571249494,148.02671099242252,54060.14307528409,195.26892870764283,148.37550764431742,9532469.0,52976400.0,26971800.0
2025-04-23,54847.90625,203.71212768554688,154.8131866455078,55241.78708482944,207.0973670311424,156.98564625118482,54650.96583258528,201.9199358938783,153.2784996745797,55143.31687612208,205.1060461943045,155.0722827287534,11148692.0,52929200.0,31128800.0
2025-04-24,54847.90625,207.4657745361328,158.7296142578125,54946.37645870736,207.92378505310097,159.03854063446718,54355.5552064632,202.0593452871763,155.2516683139833,54749.43604129264,204.00088023313933,155.6104249592094,10580377.0,47311000.0,45894000.0
2025-04-25,54847.90625,208.371826171875,161.4003448486328,55537.19771095153,208.8397878176709,165.52603823874784,54749.43604129264,205.30519003897632,160.48351057877483,55537.19771095153,205.47445049920006,164.49959867786362,12183303.0,38222300.0,56034000.0
2025-04-28,54946.37890625,209.2281036376953,160.05502319335938,55044.849119343635,210.5822025692478,162.5862396977989,54650.96826696909,206.55974070372147,158.0519740918863,54946.37890625,209.08871177088434,161.86872639451175,9341518.0,38743100.0,29745800.0
2025-04-29,54946.37890625,210.29345703125,159.6065673828125,55635.670397905466,211.31898611202763,160.18456500527563,54749.43848006272,207.46576971677675,156.97569056687874,54847.908693156365,207.78438836336602,159.76601814888411,10295518.0,36827600.0,26809000.0
2025-04-30,54650.96875,211.57785034179688,158.2512664794922,55143.319819819815,212.65316547487808,158.7196436016194,54454.02832207207,205.7731479657814,154.86300612354924,55044.84960585585,208.39173986928208,157.43409270690867,13014189.0,52286500.0,34981100.0
2025-05-01,,212.39430236816406,160.7426300048828,,213.62891164873253,161.39037784388623,,207.99346964638974,158.36088927125815,,208.1726964341785,159.8955611021286,,57365700.0,30203200.0
2025-05-02,53469.328125,204.45889282226562,163.46319580078125,54650.97073549724,206.0917754590827,164.39995007912242,53370.857907458565,201.2827333487594,161.3106559960053,54158.61964779006,205.19567188008233,162.84534306658284,22454204.0,101010600.0,25715000.0
2025-05-05,,198.02691650390625,163.64259338378906,,203.21431440062256,164.81850869798296,,197.34987465543003,162.15773647441492,,202.21865389928206,162.4367677423953,,69018500.0,21341800.0
2025-05-06,,197.64854431152344,162.66595458984375,,199.77925700053618,164.23053675483612,,196.165020010421,160.63301049910467,,197.3498583398735,161.6096198520829,,51216500.0,21277200.0
2025-05-07,53764.73828125,195.3983612060547,150.85691833496094,54158.6191477793,198.5745204381265,164.42985019413678,53469.32763135302,192.4113798882551,147.32914212449143,53666.268064617674,198.30568786560423,163.5130310359637,17136991.0,68536700.0,127490100.0
2025-05-08,53764.73828125,196.63299560546875,153.7468719482422,54650.97023094093,199.18188402861682,155.39116415932176,53666.268064617674,193.83517686729027,152.3716357822811,54257.08936441163,196.86199326420865,154.464385147347,16320532.0,50478900.0,57498700.0
2025-05-09,53961.67578125,197.66848754882812,152.22218322753906,54158.61620380931,199.66975978270045,154.5142387821615,53567.79493613139,196.68277813613466,151.67408067225014,53863.20556997035,198.13644922219603,153.6372746936992,7814322.0,36453900.0,32435300.0
2025-05-12,56718.83984375,210.15049743652344,157.91246032714844,56718.83984375,210.6290521628615,158.5502482480448,54158.61443413628,206.1227607044075,155.7100901217978,54355.554850260414,210.32995926202443,156.94581087118723,15414702.0,63775800.0,44138800.0
2025-05-13,56029.5546875,212.28399658203125,158.97872924804688,57309.667536247805,212.75257189298435,160.01514395464716,55931.08446836556,208.36592688565332,155.6203794367127,56817.316440575574,209.79158118866218,158.24128090704517,16842801.0,51909300.0,42382100.0
2025-05-14,56521.90234375,211.68580627441406,164.79855346679688,57014.25340946211,213.29092224655892,166.4229258122212,56128.02149118031,209.9411156617564,159.0584628171564,56620.37255689242,211.78549375335473,159.40725946266062,12468089.0,49325800.0,48755900.0
2025-05-15,56423.43359375,210.80848693847656,163.39344787597656,57703.54639779669,212.31391554357438,165.6356730691148,56226.4931623582,208.90427796298633,161.80893051621783,56521.903809445896,210.31000386923802,165.26694125278715,13139736.0,45029500.0,33146700.0
2025-05-16,55931.08203125,210.6190643310547,165.61572265625,56620.37353515625,211.92510277199543,168.76480673115492,55832.61181640625,209.1335944967917,165.04768502743337,56521.9033203125,211.71573318604425,167.15039440077075,10385352.0,54737900.0,42846900.0
2025-05-19,54946.37890625,208.14659118652344,165.96450805664062,55537.20018481183,208.84446444770495,166.06416858529283,54650.96826696909,203.64029993754312,163.65253281131433,55537.20018481183,207.27923550566183,163.94152401470697,9802105.0,46140500.0,30426100.0
2025-05-20,55044.8515625,206.232421875,163.41336059570312,55832.61330221377,207.83753801206538,167.91774593119885,54847.911127571555,204.40797196423648,162.337090725838,55340.26221489266,207.03996203611737,165.8548915457752,9080577.0,42496600.0,46607700.0
2025-05-21,54847.90625,201.47689819335938,167.9775390625,55734.13812836625,206.4118779017609,172.54171471286378,54847.90625,200.10109516487896,162.9948165454298,55340.25729353681,204.54755595275296,163.1243721968136,7794181.0,59211800.0,73416000.0
2025-05-22,53863.20703125,200.74911499023438,170.27955627441406,54650.96874285878,202.13489740214874,176.15917803179707,53666.26660334781,199.0941474443519,170.12012070875053,54454.02831495658,200.1010930441042,171.25618084668935,15254278.0,46742400.0,74864400.0
2025-05-23,53370.85546875,194.67758178710938,167.88784790039062,54355.55759916975,197.10020219746903,169.3727046333075,53272.38525570803,192.8730755135501,167.30985028367255,54158.6171730858,193.0824298832746,168.47580548761593,11247115.0,78432900.0,35211400.0
2025-05-26,53863.20703125,,,54158.61767310329,,,52878.50489173903,,,53075.44531964123,,,10901337.0,,
2025-05-27,53075.4453125,199.60260009765625,172.30255126953125,53666.26659612708,200.1309909415137,172.5716225630013,52976.97509856215,196.83102019804124,169.4125780788469,53370.85595431354,197.6983910952664,169.57202886061165,13439520.0,56288500.0,37995700.0
2025-05-28,55044.8515625,199.81195068359375,171.764404296875,55241.791997428445,202.11494001836002,174.66435233443565,53370.857865608225,199.2935240345892,171.31596232961738,53469.32808307245,199.98143310081724,172.56164290870063,17516283.0,45339700.0,34784000.0
2025-05-29,55241.7890625,199.34336853027344,171.26614379882812,55537.19969919786,203.19165828241367,173.81729536660228,54749.4380013369,197.90773491315443,170.04039828273065,55340.25927473262,202.96236033905296,173.39874848808273,12936810.0,51396800.0,29317300.0
2025-05-30,55340.26171875,200.24066162109375,171.14657592773438,56324.96388456405,201.3472946799051,171.61495310854446,54946.38085242437,196.18300200128658,166.86143108525064,55340.26171875,198.7651407343476,170.7579241400477,26219683.0,70819900.0,52639900.0
2025-06-02,55931.08203125,201.08807373046875,168.44590759277344,56423.43310546875,201.51677709467234,169.2830012834345,55340.2607421875,199.51286535414474,166.81157529888503,55438.73095703125,199.67238359256916,167.2600172613062,12870515.0,35423300.0,38612300.0
2025-06-03,,202.6533203125,165.60577392578125,,203.1518034040851,167.89782954141205,,200.35033086337637,164.708889870391,,200.73914706631285,166.91126012169556,,46381600.0,45084900.0
2025-06-04,56915.78515625,202.20468139648438,167.4693145751953,57014.25537278331,205.6143037964219,167.63872532387313,55931.082990916955,201.48686455307688,165.78515185366567,56324.96385705018,202.29440469878628,166.1638436483944,19649983.0,43604000.0,26900800.0
2025-06-05,58195.8984375,200.0213165283203,167.62875366210938,58983.66017607868,204.12881205428334,170.339340657981,57014.255829631984,199.54276184010462,167.0108857444217,57211.19626427665,202.8826044104843,169.7513830642687,23266027.0,55126100.0,36379100.0
2025-06-06,,203.3013458251953,173.079833984375,,205.07594444547604,173.89700773798458,,201.43702389784912,170.23969140570108,,202.38413874603313,170.23969140570108,,46607700.0,35731800.0
2025-06-09,58885.1875,200.8388214111328,175.69395446777344,59476.008779264215,205.3750202901374,176.07310468622353,58589.77686036789,199.41316716451473,173.97782168090652,59476.008779264215,203.76990423179717,174.14743750903665,19609659.0,72862600.0,28935900.0
2025-06-10,58294.3671875,202.0551300048828,178.1983184814453,59180.59912109375,203.73004106569937,180.70266778284787,57900.486328125,199.96151019448254,174.51661519040564,59082.12890625,199.99141796230995,175.8037071645682,15305760.0,54672600.0,61766100.0
2025-06-11,58983.65625,198.1769256591797,176.9511260986328,59180.596671535895,203.8795731269679,179.96432281914957,58491.30519616027,197.80805305990708,176.3524694759701,58589.77540692821,202.88260699920767,179.3656814209572,13610734.0,60989900.0,31646800.0
2025-06-12,58589.7734375,198.5956573486328,175.30484008789062,59082.12447478992,199.07419684911244,176.32255032681226,58392.83302258403,196.7612432530472,174.3569797237004,58786.71385241597,198.47602627663701,175.78375628436552,17755115.0,43904600.0,20941900.0
2025-06-13,57408.1328125,195.85398864746094,174.2771453857422,59279.0668149657,199.76209396079906,176.7316192634362,56817.31154856347,195.1062640673262,172.00227458420645,59279.0668149657,199.12403626091725,172.05216517338764,20705979.0,51447300.0,27663100.0
2025-06-16,56324.96484375,197.81802368164062,176.3724365234375,57211.19680807474,198.08720880439395,176.5420523549515,56029.55418897509,195.96366601516638,174.25719419482596,57112.72658981643,196.701426450214,174.33701609632743,22200872.0,43020700.0,27389200.0
2025-06-17,57211.1953125,195.0464630126953,175.55426025390625,58885.188979130806,197.7881200100286,176.96109261622635,56521.90380271084,194.61777485692886,174.18734645157147,56915.7846654475,196.60172782081946,175.30482253964252,28637003.0,38856200.0,24973000.0
2025-06-18,58885.1875,195.9835968017578,172.93020629882812,58885.1875,196.97059871241268,176.16290971424257,57014.25344899666,194.4781834746436,172.81046582918458,57112.723662207354,195.34553910938874,175.6141436330853,17620705.0,45394700.0,28707500.0
2025-06-19,58294.3671875,,,59672.9501953125,,,58097.4267578125,,,59574.47998046875,,,16876278.0,,
2025-06-20,58589.7734375,200.3902130126953,166.26522827148438,58885.18405987395,201.0880863339216,173.94790803011588,58195.892607668065,196.26277341287403,165.08788938336605,58491.30323004202,197.63859168364695,173.55878574385125,18072251.0,96813500.0,75659900.0
2025-06-23,57112.72265625,200.888671875,164.8184814453125,57605.073713631464,201.686247808318,166.9636398925432,56718.84181034483,198.3563846401482,161.63565348702906,57506.60350215517,201.01828233775666,165.8960542954959,16551694.0,55814300.0,57671000.0
2025-06-24,59574.48046875,199.6923065185547,166.39492797851562,59672.95068440082,202.82277936444737,167.84166379185558,58392.83788094008,199.59260382672892,165.756367987998,58491.30809659091,201.9753521214132,166.54458452923419,23737899.0,54064000.0,40524300.0
2025-06-25,60362.2421875,200.948486328125,170.29612731933594,60657.65283442088,203.052085424857,171.97235685648238,59377.54003109706,200.01133575244882,167.17317715297744,60559.182618780585,200.83881944772682,167.25299905707695,23933612.0,39525700.0,35479000.0
2025-06-26,59279.06640625,200.3902130126953,173.14968872070312,60362.238715998756,202.02523702778157,173.29936049404486,58983.65577631853,198.85489170599743,169.55779452756443,60362.238715998756,200.81890119127095,172.04218458564608,19402300.0,50799100.0,31796700.0
2025-06-27,60237.1171875,200.469970703125,178.1284637451172,61029.71083470395,202.6034778198992,178.27812028762878,59444.52354029605,199.39324535272064,171.34375470263782,59543.597746196545,201.27751091280393,173.14968136313868,17340470.0,73188600.0,108140200.0
2025-06-30,59246.375,204.5475311279297,175.83364868164062,60633.413879598666,206.76079706763053,180.82240351749414,59246.375,198.65545787730727,174.1873656755976,60633.413879598666,201.39711462840114,180.3734186271616,17110294.0,91912800.0,63378900.0
2025-07-01,59642.671875,207.18951416015625,175.4445343017578,60534.339726951825,209.55231908550664,175.6939720547657,59642.671875,205.51460310500556,173.13973189988045,59840.82028654485,206.04299395149746,175.344768335238,13650991.0,78788900.0,35904500.0
2025-07-02,60237.1171875,211.7954864501953,178.23822021484375,60336.19139340049,212.69274987948137,178.4577266308603,59246.37512849506,207.5085290616707,174.67625741761273,59642.67195209704,208.2761972389462,175.14518633422566,15047951.0,67941800.0,29128900.0
2025-07-03,63209.34375,212.90213012695312,179.126220703125,63209.34375,213.9987837940836,179.265905222364,60534.340174373036,211.16740350258758,176.65180269468908,60732.48858738244,211.5063683517463,178.09853847776557,32040639.0,34955800.0,21689700.0
2025-07-04,62713.97265625,,,64101.01154596169,,,62416.75003702607,,,64101.01154596169,,,23748959.0,,
2025-07-07,61128.78515625,209.3130340576172,176.3923797607422,62713.9724536568,215.57398008038285,178.89674433224096,61128.78515625,208.16652910348648,175.28487562232132,62317.6756293051,212.03474730839852,178.65727862884938,17164708.0,50229000.0,34175600.0
2025-07-08,60831.5625,209.3728485107422,173.9678497314453,61822.304560260585,210.78853856973336,177.54977185383785,60435.26567589577,207.81758380403343,172.42133277200756,61029.71091205212,209.46258702266434,177.4500058972594,20213724.0,42848900.0,40442500.0
2025-07-09,59840.8203125,210.4994354248047,176.2227783203125,60831.56237065398,210.6888614301138,179.03644347316074,59642.67190086921,206.59132988433592,172.3814460707259,60831.56237065398,208.8943192909964,174.85586430994886,17533415.0,48749400.0,43025600.0
2025-07-10,60435.265625,211.7655792236328,177.2205047607422,60633.414036885246,212.83232507172787,178.02868052999747,59840.82038934426,209.39279496736208,173.98780168372105,60038.96880122951,209.87133445003573,175.2349902719471,14768473.0,44443600.0,29252400.0
2025-07-11,62020.453125,210.5193634033203,179.7847442626953,62218.60153753993,211.48642172848318,181.0219456842772,60633.414237220444,209.22330444266433,176.08308157759498,60732.48844349041,209.93115706069412,176.39238193299045,19140650.0,39765800.0,34282900.0
2025-07-14,61921.37890625,207.98707580566406,181.1516571044922,62020.4531125,210.27013683517245,183.2569121837853,61227.8594625,206.91035052542594,179.27588047712075,61723.23049375,209.29309904361602,180.60289104600895,13563846.0,38840100.0,32536600.0
2025-07-15,63110.26953125,208.4755859375,181.59068298339844,63209.34373773548,211.24715053377864,183.8056914333515,61426.008020996866,208.28615994072268,181.19158867102598,61723.2306404533,208.5852528191871,182.39885886185957,18442202.0,42296300.0,33448300.0
2025-07-16,64101.01171875,209.52239990234375,182.55848693847656,64101.01171875,211.75559423754484,183.91542879782378,62515.82441194938,208.00700716596054,181.62059863833602,63110.26965199962,209.6619745482938,182.82788394956327,23042660.0,47490500.0,33104200.0
2025-07-17,66082.4921875,209.38284301757812,183.16712951660156,66181.56638868066,211.1574416148312,183.64604573142148,63803.785560344826,208.95413964633332,180.07409534184728,65289.89857805472,209.93117746335784,181.73036564766983,39448683.0,48068100.0,31992600.0
2025-07-18,66478.796875,210.539306640625,184.64378356933594,67172.31636549925,211.1474566075158,186.00072543502688,65686.20317157228,209.06380098140497,183.2968289565469,66379.72266207154,210.23024956462245,184.98301522964096,23951531.0,48974600.0,34014500.0
2025-07-21,67172.3125,211.83535766601562,189.67245483398438,68163.05457227139,215.12534891613055,189.86201471908177,66577.86725663717,210.98794558852114,185.73132654425748,66776.01567109145,211.45652088357517,185.83110772544197,17723148.0,51377400.0,45803100.0
2025-07-22,65388.9765625,213.74954223632812,190.90966796875,67865.83173532198,214.29787667610697,191.21896833519165,64992.67973484849,211.5861274580158,187.03840453704987,67469.53490767046,212.49337032996837,191.0693117786785,20829006.0,46404100.0,44660200.0
2025-07-23,65785.2734375,213.5002899169922,189.80215454101562,65884.3476444842,214.4972560435483,192.09698471753413,64299.1603327372,211.76557859278188,188.7545130229886,65587.12502353163,214.3477172095632,191.06930248089483,15687058.0,46989300.0,58681900.0
2025-07-24,65388.9765625,213.11148071289062,191.73780822753906,66181.57021780303,215.03563331063384,197.50480780114538,65289.902355587124,212.8821827557749,190.57044138213487,65884.34759706439,213.25105536667797,196.58687870624138,12660193.0,46022600.0,74881700.0
2025-07-25,65289.90625,213.2311248779297,192.74551391601562,65686.20310128984,214.58699944946258,193.8929365997576,64893.60939871017,212.7525701732737,190.82983399147875,65091.75782435509,214.04862920984866,191.54821586623893,8080910.0,40268800.0,39785900.0
2025-07-28,69748.2421875,213.40060424804688,192.14688110351562,69748.2421875,214.19818019857897,193.61357622809174,66577.86754261363,212.41360229785764,190.41078895772904,67568.60961914062,213.3806606658472,193.2144667106556,35332500.0,37858000.0,38139500.0
2025-07-29,69946.390625,210.6290283203125,195.3097381591797,70144.53904036827,214.15828155569844,195.47935398479527,68163.05488668555,210.18039662608902,191.64799419278697,70144.53904036827,213.53018805628847,191.9971978721824,28190940.0,51411700.0,41389200.0
2025-07-30,71927.875,208.415771484375,196.08799743652344,73017.69128787878,211.74563469104578,197.155598285003,69946.39084022038,207.0898047125579,194.2521393007246,70342.68767217631,211.25711581327238,195.1600963397073,34761444.0,45512500.0,32445400.0
2025-07-31,70738.984375,206.9402618408203,191.46839904785156,73314.9137780112,209.2033639475293,195.54921195775628,70342.6875437675,206.5315020865265,190.66022322341527,72324.17169992997,207.85746883247032,195.26984291287636,26568072.0,80698400.0,51329200.0
2025-08-01,68262.125,201.76600646972656,188.70465087890625,71333.4252539913,212.93202387361222,190.40082452841267,68163.05079825835,200.88867142379772,187.39759950913643,69550.0896226415,210.23023901853355,188.60486968944682,24038534.0,104434500.0,34832200.0
2025-08-04,69054.7265625,202.7330780029297,194.60133361816406,69550.09762822812,207.24933356384108,194.830827292421,68063.98443104376,201.06813110178,189.69240089649873,68856.57813620874,203.8895472057539,189.86201672672937,14780072.0,75109300.0,31547400.0
2025-08-05,69252.875,202.3043670654297,194.232177734375,70838.06241058656,204.71702329589334,197.4150057356091,69054.72657367669,201.54667827641916,193.45393320281906,70342.69134477826,202.78290655256814,194.2720962985156,14392903.0,44155100.0,31602300.0
2025-08-06,68163.0546875,212.60302734375,195.64898681640625,68757.49993186773,214.72657006985978,196.18778087351924,67667.68365052689,204.96626313259566,193.23443126184418,68559.3515170785,205.00615029681612,194.0625664055758,12542415.0,108483100.0,21562900.0
2025-08-07,69847.3125,219.36245727539062,196.07801818847656,70342.6835106383,220.1799768073744,197.09571318148866,69054.71888297872,215.92292715514498,193.8929412029117,70144.53510638297,218.2159523061407,196.6167969951023,15008213.0,90224800.0,26321800.0
2025-08-08,71135.28125,228.65419006347656,200.9669952392578,71729.72649721448,230.29917810781973,202.15432130991044,70045.46496344011,218.58482597462978,196.72655368662487,70342.68758704735,220.16003429974123,196.7764442791972,22241128.0,113854000.0,39161800.0
2025-08-11,70342.6875,226.74781799316406,200.54794311523438,71432.50378521127,229.12329528601256,201.02685931355308,70144.53908450704,224.3324234952035,198.62229106869012,71333.42957746479,227.4864157407103,200.48808049350347,11354253.0,61806100.0,25832400.0
2025-08-12,70441.765625,229.21310424804688,202.88267517089844,71729.7303973277,230.36092560837628,204.04006993048975,70441.765625,226.63802588155738,200.1388600495838,70441.765625,227.57622481823222,200.91710457512625,15797656.0,55626200.0,30397900.0
2025-08-13,71234.3515625,232.88612365722656,201.5057830810547,71432.49996740265,234.55294488479396,204.06999503609887,70738.98055024339,229.99163136972763,197.06577929471834,71234.3515625,230.6304284784954,203.6709007567403,12305742.0,69878500.0,28342900.0
2025-08-14,70937.1328125,232.33717346191406,202.48358154296875,71234.35543601606,234.67271834509882,203.98020797768137,70540.83598114525,230.41085227691244,200.77742070862897,71234.35543601606,233.61473725595164,201.0468177297292,11946122.0,51916300.0,25230400.0
2025-08-15,,231.1494140625,203.44142150878906,,233.834298979768,205.97571755828142,,228.9036945156081,200.82731877734264,,233.5548328767578,203.39154613868575,,56038700.0,34931400.0
2025-08-18,69351.9453125,230.45074462890625,203.0423126220703,70540.83580357143,232.67649791960375,204.80833601681928,69351.9453125,229.6722297518056,202.0345896716843,70441.76159598214,231.2592012143754,203.74073522255918,13595591.0,37476200.0,18526600.0
2025-08-19,69351.9453125,230.1213836669922,201.11666870117188,70045.464765625,232.42698672077375,202.98245812812408,69054.72268973214,228.9136940815642,199.51028904350812,69748.24214285714,230.84001516813981,202.57337657986534,10533082.0,39402600.0,24240200.0
2025-08-20,69847.3125,225.5800323486328,198.87173461914062,70045.46090425532,230.0315543310328,200.8273180336849,68757.49627659575,225.3404986724704,196.15785070859312,69451.01569148936,229.54248102593337,200.278551944333,17445516.0,42263900.0,28955500.0
2025-08-21,69946.390625,224.47213745117188,199.3007354736328,71234.35532489377,226.08906587116957,202.02459107482636,69946.390625,223.3542730460458,198.98144788878304,70838.05849415722,225.8395414786139,199.3007354736328,18843833.0,30621200.0,19774600.0
2025-08-22,70738.984375,227.3267059326172,205.62648010253906,71135.2812062325,228.65417758009713,208.07096677186306,70144.53912815126,224.98118568943215,200.84725997228378,71036.20699842437,225.73973438952316,202.27403645691825,9277432.0,42477800.0,42827000.0
2025-08-25,70838.0546875,226.7278594970703,208.02110290527344,71135.27729458042,228.86378779922748,210.04653613391585,70342.6836756993,225.79962078901826,204.81831562838462,71036.20309222028,226.0491451945495,205.96572314134983,10345178.0,30983100.0,29928900.0
2025-08-26,69649.1640625,228.87376403808594,206.67413330078125,70441.75767914296,229.0534295301293,207.38254318133843,69649.1640625,224.26255788237486,205.23736948208096,70144.53507290185,226.43840339540802,207.0432962842493,14712519.0,54575100.0,28464100.0
2025-08-27,69946.390625,230.05152893066406,207.01336669921875,70243.61324805241,230.46073738560713,208.4401585010209,69153.79696352691,227.82576024347395,205.18748059977113,69451.01958657932,228.17510050695543,205.2373711930947,10523405.0,31259500.0,23022900.0
2025-08-28,68955.6484375,232.11758422851562,211.1640167236328,69748.24209770115,232.9659733126178,211.742714118765,68955.6484375,228.90370861616245,206.43467159929352,69451.01947512572,230.3809040856524,206.78389053195886,11578024.0,38074700.0,32339300.0
2025-08-29,69054.7265625,231.69837951660156,212.43116760253906,69847.320267665,232.9360260407387,214.16724458693432,69054.7265625,230.92984008944924,209.72725571237183,69451.0234150825,232.0676707602769,210.0365560843286,11682267.0,39418400.0,39728400.0
2025-09-01,66974.1640625,,,67964.90613443048,,,66875.08985530696,,,67766.75772004438,,,12002343.0,,
2025-09-02,68460.2734375,229.28298950195312,210.87466430664062,68856.57024466353,230.4108447009183,211.20390871469678,67172.30881421853,226.53822101083426,205.73623790289355,67172.30881421853,228.81388239599917,207.97120545801465,10604028.0,44075600.0,47523000.0
2025-09-03,69153.796875,238.01634216308594,230.14122009277344,69153.796875,238.395624134605,230.78975207064033,68163.05479942693,233.9141603097862,224.28441211377313,68559.35162965616,236.75874463665696,225.7012317514145,10283009.0,66427800.0,103336100.0
2025-09-04,69451.015625,239.3238525390625,231.77755737304688,69451.015625,239.4436193831587,231.847392025426,68658.42200873751,236.28964239378743,225.60147632632095,68856.57041280314,237.9963808412042,229.1335081222656,12284414.0,47549400.0,51684200.0
2025-09-05,68856.5703125,239.2340087890625,234.47146606445312,69748.2381294964,240.86091270031892,235.22975128240526,68856.5703125,238.03629475202086,231.37843212445287,69649.16392760792,239.54341659874092,231.677760445174,11526724.0,54870400.0,46588900.0
2025-09-08,69451.015625,237.42745971679688,233.72247314453125,69847.31243313124,239.69313028194867,237.8069358559837,68955.64461483594,235.89038089866295,233.3529799966882,69153.79301890156,238.84475646782593,235.15054099905157,9263135.0,48999500.0,32474700.0
2025-09-09,70838.0546875,233.9041748046875,239.30491638183594,70838.0546875,238.3257397896772,240.14377315813266,69351.9416520979,232.9160527142261,232.91358965088386,69451.01585445805,236.54912730927947,233.85231685973005,14870245.0,66313900.0,38061000.0
2025-09-10,71927.875,226.35855102539062,238.84552001953125,72126.02341597796,231.97784546194652,241.33214736167037,70937.13292011019,225.52015268533836,237.5273187664355,71135.28133608816,231.7482872752143,238.5758820575914,21928565.0,83440800.0,35141100.0
2025-09-11,72720.4609375,229.59239196777344,240.0438995361328,72918.60933242507,230.01159113632517,241.9213539288796,71432.49637048706,226.21881717306923,235.92949376965038,72522.31254257493,226.44839058875493,239.55457404217233,20793501.0,50208600.0,30599300.0
2025-09-12,74701.953125,233.62472534179688,240.4733123779297,74900.10154177719,234.0638755168574,241.75157459718335,73513.06262433688,228.58432913969838,237.67710805902945,73909.35945789125,228.78394562468256,240.04388783032,28219678.0,55824200.0,26771600.0
2025-09-15,75791.765625,236.24969482421875,251.26864624023438,76881.58186274511,237.7368657054393,252.06756394348793,75197.32040441177,234.58287368836292,244.32807821701437,76485.28504901961,236.54912714503797,244.32807821701437,19908805.0,42699500.0,58383800.0
2025-09-16,78664.921875,237.6969451904297,250.8192596435547,78763.99608391058,240.76111223381088,252.696698721273,75989.91823441435,235.87043992435724,249.13154999644232,76188.06665223552,236.72878926810645,251.73800966841424,28218265.0,63421100.0,34109700.0
2025-09-17,77476.0234375,238.5353546142578,249.19146728515625,78367.69122642264,239.6432435766681,251.25866627901078,76386.207251039,237.27774187166392,245.94587648389523,78367.69122642264,238.5153883976145,250.87917693990602,20856317.0,46508000.0,34108000.0
2025-09-18,79556.5859375,237.42745971679688,251.68807983398438,79754.73434581257,240.74113579799257,253.64542748570952,77872.32446684309,236.199788714976,249.46110945180462,78367.69548762453,239.5134800259323,251.338548569648,25619035.0,44249600.0,31239500.0
2025-09-19,,245.032958984375,254.3744354248047,,245.83144010441063,255.65269769422878,,239.7530294205925,251.4683796180924,,240.77107799962133,252.90642848071656,,163741300.0,55571400.0
2025-09-22,82726.9609375,255.5928192138672,252.18739318847656,83222.33196107784,256.15178189089505,255.4329839373953,80349.18002432634,247.64797087114997,249.96042287972912,80745.47684318862,247.82763635806887,254.0848093772248,27529656.0,105517400.0,32290500.0
2025-09-23,83915.8515625,253.9459686279297,251.31858825683594,85104.74202147285,256.8504363399061,254.01492224497756,82826.03530844155,253.0975947938589,250.1401811840686,85005.66781655845,255.39322235208516,252.69670571321294,23610263.0,60275200.0,26628000.0
2025-09-24,84609.375,251.8300018310547,246.80470275878906,84708.44920960187,255.2534845023776,252.00764101873446,82925.11343676815,250.56241362070242,246.10565550148698,83420.48448477751,254.73446948849343,251.31857470864836,18300997.0,42303700.0,28201000.0
2025-09-25,85302.890625,256.3813171386719,245.45654296875,85401.96483013938,256.6807646844572,246.1556055061487,83321.40652221254,251.2311452680336,240.41340622781078,83618.62913763066,252.72829161839874,244.06842931794486,19665151.0,55202100.0,31020400.0
2025-09-26,82528.8125,254.97401428222656,246.2055206298828,84510.29659363745,257.10994249251326,249.08161830530747,81637.14465786314,253.2972024297037,245.63630185383965,84213.07397959183,253.61660096533106,246.73481561544992,24071193.0,46076300.0,18503200.0
2025-09-29,83792.671875,253.9459686279297,243.71890258789062,84588.80177404988,254.5148915782133,250.80926093832198,82797.50950118764,252.52867184357527,242.4406403715287,82897.02573856887,254.0757261912774,247.51375020937843,13069094.0,40127700.0,32505800.0
2025-09-30,83494.125,254.14559936523438,242.77020263671875,84489.28739570918,255.4331385813304,242.9599320717839,82996.54380214542,252.6284867333586,238.92541967317948,84190.73867699642,254.37515755125318,242.48058753408858,16319061.0,37704300.0,34724300.0
2025-10-01,85583.9609375,254.9640350341797,244.5677490234375,85782.9934047965,258.29769267334166,245.96585884887978,84290.24990007267,254.44502000530687,238.2862890899911,84489.28236736919,254.55481135314994,240.42338523813993,22039361.0,48713900.0,31658200.0
2025-10-02,89315.8203125,256.6408386230469,245.35667419433594,89863.15960132312,257.68882891050583,246.47514981131818,88270.8998520195,253.66649683440303,241.97127402542458,88867.99725800836,256.09186667190835,244.81739828037135,49883028.0,42630200.0,25483300.0
2025-10-03,,257.5291442871094,245.01715087890625,,258.7468246365968,245.96585900937905,,253.46689477740222,241.3321544964398,,254.18552630266564,244.15831699237452,,49155600.0,30249600.0
2025-10-06,,256.2016906738281,250.09024047851562,,258.5771679771474,250.97904766602093,,254.56481112131073,244.24818617214953,,257.49920544747016,244.44791178946252,,44664100.0,28894700.0
2025-10-07,,255.99208068847656,245.42657470703125,,256.91031341337026,250.1002333278666,,254.94405994391948,245.18691006468788,,256.3214394907812,247.93317917084852,,31955800.0,23181300.0
2025-10-08,,257.5690612792969,244.2881317138672,,258.0281776413904,245.67624536262252,,255.62275879770374,243.48922922331397,,256.03198246417537,244.62768203424937,,36496900.0,21307100.0
2025-10-09,,253.55670166015625,241.2023162841797,,257.50917476461467,244.42792989328805,,252.65841993311406,238.82554034163272,,257.3195337882977,244.13833003954065,,38322000.0,27892100.0
2025-10-10,93943.328125,244.80340576171875,236.2490692138672,94042.84436242055,255.8922708493858,243.75885638035138,92251.55208885063,243.53581752909898,235.5200485827795,93545.2631753178,254.45500785015722,241.10246136059908,35269748.0,61999100.0,33180300.0
2025-10-13,92848.6484375,247.18885803222656,243.81875610351562,92948.16467376742,249.2149949644775,244.16828735447277,90261.22629454716,245.09284695690994,239.38479264234815,90858.32371215166,248.90558714178317,239.88411429337978,23883308.0,38142900.0,24995000.0
2025-10-14,91156.875,247.29864501953125,245.1169891357422,95535.58951965066,248.37659224814226,246.78472157869837,89763.64765283844,244.23447809703134,240.1836889124138,94838.97584606988,246.13087266264282,240.9027132904423,35545235.0,35478000.0,22111600.0
2025-10-15,94540.421875,248.8656463623047,250.68942260742188,94838.9705756579,251.3409393203658,251.7679591837619,91654.45110197368,246.99920876557604,245.65626715592245,91853.48356907895,249.01537013681215,246.91455220927548,21050111.0,33893600.0,27007700.0
2025-10-16,97227.3671875,246.979248046875,251.1188507080078,97227.3671875,248.56621957555782,256.6113736152233,94540.4286879478,244.66366953460536,249.76069521164578,94838.97741012026,247.7777291727393,251.42842769264908,28141060.0,39777000.0,27997200.0
2025-10-17,97426.3984375,251.81002807617188,252.9563446044922,98620.59331109551,252.89796599708643,253.87509458891947,96232.20356390449,246.79958926324147,247.4737875390444,96729.78476123595,247.5481624372989,250.4197821526697,22730809.0,49147000.0,29671600.0
2025-10-20,97625.4296875,261.7411193847656,256.2019348144531,97824.46216392712,263.87706298772724,256.98087539491434,95535.58868501529,255.14370850365398,253.88509020638818,97426.39721107288,255.4032084113237,254.3444728441902,17589756.0,90483000.0,22350200.0
2025-10-21,97028.328125,262.2701110839844,250.12020874023438,99416.71774038461,264.7853366806196,254.53421031738455,96829.29565705128,261.33189684706855,243.81875668908756,98023.49046474359,261.38182000576944,254.39440086428343,22803830.0,46695900.0,47312100.0
2025-10-22,98123.0078125,257.9583435058594,251.34854125976562,98123.0078125,262.349966966352,256.01218852739623,95038.00452427738,254.94406918261987,248.95178813355238,96630.26428594066,262.15033525743416,254.02489806023604,15937611.0,45015300.0,35029400.0
2025-10-23,96033.171875,259.0861511230469,252.73666381835938,98023.49668069948,260.12418111371363,254.69399627404513,95834.13939443005,257.51916110368444,251.50833675008087,96331.72059585492,259.4454820834593,252.63679338694976,18488581.0,32754900.0,19901400.0
2025-10-24,98322.0390625,262.32000732421875,259.5673828125,98521.07153023785,263.6275126875418,261.32497431611404,97227.3604899418,258.68691759501684,254.9736174865258,97426.39295767967,260.69310343226954,256.23188733462473,18801925.0,38253700.0,28655100.0
2025-10-27,101506.5625,268.2986145019531,268.9046630859375,101506.5625,268.60802232244004,269.7735083332291,100113.33517156863,264.1465248140549,263.92144290721717,100809.94883578431,264.37609822840903,264.4607188078389,22169970.0,44888200.0,35235200.0
2025-10-28,99018.65625,268.4882507324219,267.1071472167969,100511.39981155779,269.3765722048576,270.3627344019799,98620.59130025125,267.63986169210665,266.1384619149823,100411.8835741206,268.4782600095115,269.3241367489819,20002282.0,41534800.0,29738600.0
2025-10-29,100013.8203125,269.1869201660156,274.197509765625,100511.40150808459,270.8936584399069,274.96645416764926,98620.59296486319,266.6018207191691,267.3068768000952,99715.27159514926,268.76770579477784,267.38675485794886,20899788.0,51086700.0,43580300.0
2025-10-30,103596.40625,270.8836669921875,281.09814453125,105288.18233669548,273.6184749716116,291.1944142933695,101506.5652017291,267.969239224885,279.6800575475708,101904.63016330451,271.4725408872279,291.1944142933695,34570017.0,69886500.0,74876000.0
2025-10-31,106979.953125,269.85565185546875,280.8085021972656,108074.63171511628,276.79244258078194,285.6119738650845,102800.27123546512,268.647962249571,276.6541425566326,104492.04723837209,276.4630533049319,282.82575062167336,54824564.0,86167100.0,39267900.0
2025-11-03,110562.5390625,268.53814697265625,283.3350830078125,110960.60400961971,270.33474092754267,285.14262497278366,105984.79217062332,265.74348587775046,279.42038779718166,106382.85711774303,269.90556627002525,281.797163766903,30110066.0,50194600.0,29786000.0
2025-11-04,104392.53125,269.5262756347656,277.1634521484375,111856.24892755004,270.9734988318123,280.88837191256465,104392.53125,267.11086611942017,275.8851900258856,111259.15151334603,267.8195068636227,276.374515458966,30450281.0,49274800.0,30078400.0
2025-11-05,100113.3359375,269.6260986328125,283.92425537109375,101506.56327659046,271.18312844251227,286.0314084420774,96232.202635748,266.4221834255846,276.96371081227676,100511.40089152585,268.0989800730272,278.49163374098424,44843020.0,43683100.0,31010300.0
2025-11-06,98720.109375,269.25677490234375,284.3636779785156,103297.85638230847,272.8798740142925,287.9587999323025,98322.04441784274,267.38037702601645,280.7585903155872,103198.34014301914,267.38037702601645,284.9428776795432,28655689.0,51204000.0,37173600.0
2025-11-07,97426.3984375,267.9592590332031,278.45172119140625,99814.78818469102,271.7719991063764,283.3950181298404,95834.13860603933,266.26248096015127,274.8166751233446,95933.65484550562,269.28671541495146,282.8257840870045,22908083.0,48227400.0,34479600.0
2025-11-10,100113.3359375,269.1781311035156,289.7064208984375,100511.40089152585,273.4741297822401,290.40545290698407,97426.39749782554,267.20997142836535,282.47622284552773,98123.01116737077,268.7085692371889,284.03413439651047,23842327.0,41312400.0,29557300.0
2025-11-11,102999.3046875,274.99267578125,290.914794921875,105487.2105978261,275.65206242273547,291.52398321941854,101506.56114130435,269.5477586519058,286.9302176656824,103198.33716032609,269.55775905965567,287.35962699643375,27742542.0,46208300.0,19842100.0
2025-11-12,102601.2421875,273.21435546875,286.3210144042969,103397.37209778128,275.4722525277038,291.613842224268,101108.4986057226,271.4460210796085,283.30512258449664,102501.72594871484,274.74292397164845,291.2842728658537,19413497.0,48398000.0,24829900.0
2025-11-13,102302.6953125,272.6948547363281,278.19207763671875,103695.92268056907,276.4413491841305,282.45627365196606,101805.1141096182,271.83564282199285,276.8638649512614,102004.14659077092,273.85374352181776,281.9569519907634,20838741.0,49602800.0,29494000.0
2025-11-14,96729.78125,272.15533447265625,276.0350036621094,99118.17091049382,275.70200347225597,278.1820807042813,96729.78125,269.3479639093673,270.3327588398133,98521.07349537036,270.7965900477885,271.04178706348836,21806342.0,47431300.0,31647200.0
2025-11-17,100113.3359375,267.2099609375,284.63330078125,100511.40089152585,270.2371271729127,293.55120856159544,99018.65731392892,265.48159771217263,283.1852862901624,99317.20602944831,268.5687054184609,285.392279437324,17192584.0,45018300.0,52670200.0
2025-11-18,97326.8828125,267.19000244140625,283.8943176269531,100411.88625543201,270.4569347049811,288.4081743957296,97028.33409221626,265.0719890725528,277.8225797399186,99317.20761439162,269.7376065335732,287.52939388700526,18684068.0,45677300.0,49158700.0
2025-11-19,96033.171875,268.3089294433594,292.4127502441406,97028.33427784973,271.9555110777923,303.39782684502376,94142.36330958549,265.2517925781922,286.2411417953812,96630.26931670983,265.2817633125939,286.77042153983126,18993346.0,40424500.0,68198900.0
2025-11-20,100113.3359375,266.0010986328125,289.05731201171875,102402.20942314861,275.17250947675234,306.0042898345543,99018.65731392892,265.67142054546326,288.2783714658303,100411.88465301938,270.5768036466949,304.1268355762142,25360435.0,45823600.0,62025200.0
2025-11-21,94341.390625,271.2361755371094,299.25347900390625,96331.71532172995,273.0744516711978,303.50770955644725,94042.84192049051,265.4216397990326,293.4513634023398,95137.52050369198,265.70137680880595,296.0178842040454,23103574.0,59030800.0,74137700.0
2025-11-24,96232.203125,275.6620788574219,318.14776611328125,98521.07662228541,276.7410558404627,319.0465694557707,95734.62192993794,270.64675212306133,309.17996886834777,97326.8817541365,270.64675212306133,310.70789188393536,29831172.0,65585800.0,85165100.0
2025-11-25,98819.625,276.7110900878906,323.0011901855469,100909.4660120846,280.1179060838009,328.3838617048627,97326.88141993959,274.9926967216935,317.2190369667809,100909.4660120846,275.012667049666,325.767421144808,16110054.0,46914200.0,88632100.0
2025-11-26,102302.6953125,277.29052734375,319.5159606933594,102402.21155307637,279.26868736786383,324.0597758686898,98819.62689232733,276.3714044558947,316.36024396458464,100013.82177924368,276.70108254872224,320.2449508538883,21314975.0,33431400.0,51373400.0
2025-11-27,102999.3046875,,,104989.62941576086,,,102203.17479619566,,,103596.40210597827,,,16453004.0,,
2025-11-28,100013.8203125,278.5893249511719,319.7456359863281,103297.85620335821,278.73917862681736,326.40660086319315,100013.8203125,275.73198274965245,316.36025071335513,103297.85620335821,277.0008150112318,322.9313108653273,15292277.0,20135600.0,26018600.0
2025-12-01,100312.3671875,282.8353576660156,314.46282958984375,102302.69193328373,283.1550658399818,319.41609223758667,99416.72105189732,275.88187257202503,313.464186206563,101506.56203497024,277.75011957449965,317.2690150587685,10905526.0,46587700.0,41183000.0
2025-12-02,102899.7890625,285.9224548339844,315.38153076171875,102999.30529950434,287.1313151163589,317.948051296999,100511.39937439555,282.36578537497866,313.4841146313127,100710.43184840425,282.7354345985028,316.3102616947243,13649487.0,53669500.0,35854700.0
2025-12-03,103994.46875,283.8843688964844,319.19635009765625,104989.63113038278,288.35019153510143,321.1436861691208,103496.88755980862,283.0351573834178,313.6738540884245,104193.50122607657,285.9324708384744,315.4614340573081,14697927.0,43538700.0,41838300.0
2025-12-04,104591.5625,280.4375915527344,317.1890869140625,104591.5625,284.46382276925783,321.92264650582644,102700.75404376784,278.32954829392816,314.27306548179905,103397.36768553758,283.83440686502166,321.7928484740126,11931145.0,43989100.0,31240900.0
2025-12-05,107875.6015625,278.5193786621094,320.8341064453125,107875.6015625,280.8771882481053,322.72155681925386,104093.98453355627,277.79005013345267,318.73697999805336,104790.59819678275,280.27774306596746,319.05652267664885,19755571.0,47265800.0,28851700.0
2025-12-08,108970.28125,277.6302185058594,313.49932861328125,109467.86244292237,279.4085531850005,320.21460294317257,107477.53767123287,275.8918244790692,311.0010871288888,109169.31372716895,277.86998437615557,319.82486263347363,15527762.0,38211800.0,33909400.0
2025-12-09,107875.6015625,276.9208679199219,316.85693359375,108870.76393853783,279.7682096639769,317.7662971049956,106780.9229488584,276.6611317163261,311.6805848338384,108373.18275051891,277.8999627322321,312.15025542764414,13671800.0,32193300.0,30194000.0
2025-12-10,107477.5390625,278.5193786621094,319.9847412109375,109268.83138020833,279.48847306800184,321.0839735202244,106880.44162326389,276.1815698919154,314.45863248382005,107776.08778211806,277.490342786908,315.6078174223929,12365092.0,33038300.0,33428900.0
2025-12-11,106780.921875,277.77008056640625,312.210205078125,109965.44144629543,279.3286197507982,320.8940942947929,106780.921875,273.5540244422053,308.3829128168011,108671.73037045666,278.83908758708685,319.85481737290655,22994507.0,33248000.0,42353700.0
2025-12-12,108373.1796875,278.0198669433594,309.07244873046875,108373.1796875,278.9589906850317,314.6485102459599,106283.33875688705,276.5612402656973,305.34506149685063,106581.88746126034,277.64021728323,313.47935032153816,14210314.0,39532900.0,35940200.0
2025-12-15,104293.015625,273.8537292480469,308.003173828125,105288.17798783396,279.8880911943856,311.2009348824072,104093.9831524332,272.5849275039148,304.66552711937686,104790.59680641699,279.8880911943856,311.1009991314403,20594654.0,50409100.0,29151900.0
2025-12-16,102302.6953125,274.353271484375,306.3543395996094,105089.15004863814,275.2424541197232,310.5513666605185,102203.17907192365,271.53593087885605,302.37712849550337,104392.5363646036,272.5649667835892,304.7354841263937,18852079.0,37648600.0,30585000.0
2025-12-17,107378.015625,271.58587646484375,296.5112609863281,107577.04809140408,275.90184538512057,307.87325739956634,102899.78513090825,271.38608172110213,295.9116769824828,102999.30136411029,274.75292651919426,307.7933270972379,22297611.0,50138700.0,43930400.0
2025-12-18,107079.46875,271.935546875,302.2472229003906,107676.56615938662,273.374203136776,303.7461677101471,105188.66028694238,266.7004552212896,299.0195145942255,105885.27393122677,273.35420232069225,301.50775321966603,20445631.0,51630700.0,33518000.0
2025-12-19,105785.7578125,273.4141845703125,306.9439392089844,109169.30980273988,274.34330788170604,307.03387224107576,105686.24157749294,269.64768928264715,300.7582909786616,109169.30980273988,271.8955859651445,301.5177661333593,25917098.0,144632000.0,59943200.0
2025-12-22,109965.4453125,270.7166748046875,309.56207275390625,109965.4453125,273.62395794129594,309.9118326328777,108771.25043127827,270.25711338978425,305.0852133945127,109169.31539168551,272.6048920133635,309.66200850448513,24859171.0,36571800.0,26429900.0
2025-12-23,110960.6015625,272.1053771972656,314.1288757324219,111955.76390835202,272.2452609569047,314.7184570357758,109865.92298206278,269.30800689497966,309.1024153195162,110363.50415498878,270.5868091030317,309.41219480947996,20419187.0,29642000.0,25478700.0
2025-12-24,110562.5390625,273.55401611328125,313.8690490722656,111856.25014063907,275.17249671786806,314.8583428959372,110363.50658894014,271.9455359163183,311.70059264113144,111856.25014063907,272.085389177814,314.5485634057752,12492939.0,17910600.0,10097400.0
2025-12-26,116434.0,273.1444091796875,313.2894592285156,116434.0,275.1125687682936,314.86833429915043,111856.25299145299,272.6049054553,312.0603135401851,111856.25299145299,273.9037084592662,314.25877806497726,34018174.0,21521800.0,10899000.0
2025-12-29,119500.0,273.50408935546875,313.33941650390625,119700.0,274.10350406329195,313.79908436732376,118200.0,272.0954038139857,310.4014822754237,119400.0,272.4350823114352,311.15095467052413,19676004.0,23715200.0,19621800.0
2025-12-30,119900.0,272.82470703125,313.6292419433594,121200.0,273.82377221524894,316.72706748217655,118700.0,272.02546707967076,312.24020504037514,119100.0,272.5549704076282,312.28018544302313,19746349.0,22139600.0,17380900.0
